# ************************************************************
# Sequel Pro SQL dump
# Version 4096
#
# http://www.sequelpro.com/
# http://code.google.com/p/sequel-pro/
#
# Host: 127.0.0.1 (MySQL 5.5.9)
# Database: sages
# Generation Time: 2014-09-30 20:57:36 +0000
# ************************************************************


/*!40101 SET @OLD_CHARACTER_SET_CLIENT=@@CHARACTER_SET_CLIENT */;
/*!40101 SET @OLD_CHARACTER_SET_RESULTS=@@CHARACTER_SET_RESULTS */;
/*!40101 SET @OLD_COLLATION_CONNECTION=@@COLLATION_CONNECTION */;
/*!40101 SET NAMES utf8 */;
/*!40014 SET @OLD_FOREIGN_KEY_CHECKS=@@FOREIGN_KEY_CHECKS, FOREIGN_KEY_CHECKS=0 */;
/*!40101 SET @OLD_SQL_MODE=@@SQL_MODE, SQL_MODE='NO_AUTO_VALUE_ON_ZERO' */;
/*!40111 SET @OLD_SQL_NOTES=@@SQL_NOTES, SQL_NOTES=0 */;


# Dump of table alt_name_en
# ------------------------------------------------------------

DROP TABLE IF EXISTS `alt_name_en`;

CREATE TABLE `alt_name_en` (
  `ane_sage_id` int(3) unsigned zerofill NOT NULL COMMENT 'foreign key from sages table ',
  `alt_name_en` varchar(50) NOT NULL,
  `alt_title_en` varchar(10) NOT NULL,
  PRIMARY KEY (`ane_sage_id`,`alt_name_en`)
) ENGINE=InnoDB DEFAULT CHARSET=utf8;

LOCK TABLES `alt_name_en` WRITE;
/*!40000 ALTER TABLE `alt_name_en` DISABLE KEYS */;

INSERT INTO `alt_name_en` (`ane_sage_id`, `alt_name_en`, `alt_title_en`)
VALUES
	(003,'Abba Saul',''),
	(004,'Avahu','Rabbi'),
	(005,'Abba b. Abba',''),
	(005,'Avuha diShmuel',''),
	(005,'Avuha the father of Shmuel',''),
	(006,'Abtalion',''),
	(006,'Pollion',''),
	(007,'Abbaye',''),
	(010,'Avin (II)','Rabbi'),
	(011,'Adda b. Ahavah (II)','Rav'),
	(012,'Adda b. Ahavah (I)','Rav'),
	(013,'Aquila',''),
	(013,'Onkelos',''),
	(014,'Hoshaya Rabbah','Rabbi'),
	(014,'Oshaya Berabbi','Rabbi'),
	(018,'Idi b. Avin (II)','Rav'),
	(019,'Idi b. Avin (I)','Rav'),
	(020,'Eliezer','Rabbi'),
	(020,'Liezer','Rabbi'),
	(021,'Elazar b. Jose ','Rabbi'),
	(021,'Elazar b. Yose','Rabbi'),
	(022,'Eliezer b. Jose haGelili','Rabbi'),
	(022,'Eliezer b. Jose the Galilean','Rabbi'),
	(022,'Eliezer b. Yose the Galilean','Rabbi'),
	(023,'Eleazar b. Jacob (I)','Rabbi'),
	(023,'Eliezar b. Jacob (I)','Rabbi'),
	(023,'Eliezer b. Ya\'akov (I)','Rabbi'),
	(024,'Aher',''),
	(025,'Eleazar b. Azariah','Rabbi'),
	(026,'Eleazar b. Arak','Rabbi'),
	(027,'Elazar','Rabbi'),
	(027,'Elazar (II)','Rabbi'),
	(027,'Eleazar (II)','Rabbi'),
	(027,'Eleazar b. Pedat','Rabbi'),
	(027,'Lazar (II)','Rabbi'),
	(028,'Elazar b. Tzadok','Rabbi'),
	(028,'Eleazar b. Zadok (I)','Rabbi'),
	(029,'Elazar b. Tzadok','Rabbi'),
	(029,'Eleazar b. Zadok (II)','Rabbi'),
	(030,'Elazar','Rabbi'),
	(030,'Elazar (I)','Rabbi'),
	(030,'Eleazar (I)','Rabbi'),
	(030,'Eleazar b. Shammua','Rabbi'),
	(030,'Lazar (I)','Rabbi'),
	(031,'Eleazar b. R\' Simeon','Rabbi'),
	(031,'Eleazar b. Simeon','Rabbi'),
	(032,'Elazar of Modi\'in','Rabbi'),
	(032,'Eleazar of Modaim','Rabbi'),
	(032,'Eleazar of Modi\'im','Rabbi'),
	(033,'Eleazar haKappar','Rabbi'),
	(033,'Eleazar haQappar','Rabbi'),
	(036,'Antigonos of Sokho',''),
	(036,'Antigonus of Socho',''),
	(039,'Efes','Rabbi'),
	(044,'Bar Qappara',''),
	(048,'Gamaliel (III)','Rabban'),
	(048,'Gamaliel b. Judah the Prince','Rabban'),
	(048,'Gamaliel b. Rabbi','Rabban'),
	(048,'Gamliel (II)','Rabban'),
	(049,'Gamaliel (II)','Rabban'),
	(049,'Gamliel (III)','Rabban'),
	(049,'Gamliel b. Yehudah haNasi','Rabban'),
	(050,'Gamaliel','Rabban'),
	(050,'Gamaliel (I)','Rabban'),
	(050,'Gamaliel the Elder','Rabban'),
	(050,'Gamliel (I)','Rabban'),
	(050,'Gamliel the Elder','Rabban'),
	(056,'Huria','Rav'),
	(062,'Hillel',''),
	(062,'Hillel (I)',''),
	(063,'Hillel (II)',''),
	(064,'Hamnuna','Rav'),
	(065,'Hamnuna','Rav'),
	(066,'Jose b. Joezer',''),
	(070,'Ze\'ira',''),
	(072,'Hagga','Rav'),
	(073,'Honi haM\'agel',''),
	(073,'Honi the Circle Maker',''),
	(073,'Onais the Circle Maker',''),
	(075,'Hizkiyah',''),
	(085,'Eleazar of Bertotha','Rabbi'),
	(086,'Hanina','Rabbi'),
	(087,'Hanina','Rabbi'),
	(088,'Hananyah Segan haKohanim','Rabbi'),
	(088,'Hanina the High Priest\'s deputy','Rabbi'),
	(089,'Hinena b. Pappa ','Rabbi'),
	(090,'Hanan b. Abba','Rav'),
	(091,'Hanina b. Hakhinai ','Rabbi'),
	(092,'Hanina, nephew of Yehoshua',''),
	(093,'Hanina b. Teradyon ','Rabbi'),
	(095,'Tarphon','Rabbi'),
	(095,'Telphon','Rabbi'),
	(096,'Judah b. Baba ','Rabbi'),
	(097,'Judah b. Bathyra (II)','Rabbi'),
	(097,'Judah b. Betera (II)','Rabbi'),
	(097,'Yehuda b. Beseira (II)','Rabbi'),
	(097,'Yehudah b. Betera (II)','Rabbi'),
	(098,'Judah b. Bathyra (I)','Rabbi'),
	(098,'Judah b. Betera (I)','Rabbi'),
	(098,'Yehuda b. Beseira (I)','Rabbi'),
	(098,'Yehudah b. Betera (I)','Rabbi'),
	(099,'Judah',''),
	(099,'Judah b. Hiyya',''),
	(099,'Yehudah',''),
	(100,'Judah b. Tabbai',''),
	(101,'Judah','Rav'),
	(101,'Judah b. Ezekiel','Rav'),
	(101,'Yehudah','Rav'),
	(102,'Judah b. Pazi','Rabbi'),
	(102,'Yehudah b. Shimon b. Pazi','Rabbi'),
	(103,'Judah','Rabbi'),
	(103,'Judah b. Ilai','Rabbi'),
	(103,'Yehudah','Rabbi'),
	(103,'Yehudah b. II\'ai','Rabbi'),
	(104,'Judah (I)','Rabbi'),
	(104,'Judah haNasi','Rabbi'),
	(104,'Judah the Prince','Rabbi'),
	(104,'Rabbi',''),
	(105,'Judah (III)','Rabbi'),
	(105,'Yehudah Nesi\'a (II)','Rabbi'),
	(106,'Judah (II)','Rabbi'),
	(106,'Yehudah Nesi\'a (I)','Rabbi'),
	(107,'Joshua','Rabbi'),
	(107,'Joshua b. Hananiah','Rabbi'),
	(107,'Yehoshua','Rabbi'),
	(108,'Joshua b. Levi ','Rabbi'),
	(109,'Joshua b. Perachya',''),
	(109,'Joshua b. Perahiah',''),
	(109,'Yehoshua b. Perahyah',''),
	(110,'Joshua b. Karha','Rabbi'),
	(110,'Joshua b. Korha ','Rabbi'),
	(110,'Yehoshua b. Qarha','Rabbi'),
	(111,'Joshua b. Idi ','Rabbi'),
	(112,'Johanan b. Baroka','Rabbi'),
	(112,'Johanan b. Berokah ','Rabbi'),
	(112,'Yohanan b. Beroqa',''),
	(113,'Johanan b. Zachai','Rabbi'),
	(113,'Johanan b. Zakkai ','Rabban'),
	(113,'Yohanan b. Zachai',''),
	(114,'Johanan b. Nuri ','Rabbi'),
	(115,'Johanan','Rabbi'),
	(115,'Johanan b. Nappaha','Rabbi'),
	(115,'Yohanan','Rabbi'),
	(116,'Johanan the Cobbler','Rabbi'),
	(116,'Yohanan haSandelar','Rabbi'),
	(117,'Jonah ','Rabbi'),
	(118,'Jonathan','Rabbi'),
	(119,'Jonathan b. Uziel ','Rabbi'),
	(119,'Jonathan b. Uzziel','Rabbi'),
	(120,'Jose','Rabbi'),
	(120,'Jose b. Halafta','Rabbi'),
	(120,'Yose','Rabbi'),
	(121,'Jose b. Judah','Rabbi'),
	(122,'Jose b. Johanan',''),
	(123,'Jose','Rabbi'),
	(123,'Jose b. Zevida','Rabbi'),
	(123,'Yose','Rabbi'),
	(124,'Jose the Galilean','Rabbi'),
	(124,'Yose the Galilean','Rabbi'),
	(125,'Jose haKohen','Rabbi'),
	(125,'Jose the Priest','Rabbi'),
	(125,'Joseph the Priest','Rabbi'),
	(125,'Yose the Priest','Rabbi'),
	(126,'Joseph','Rav'),
	(126,'Joseph b. Hiyya','Rav'),
	(126,'Yosef','Rav'),
	(127,'Jemar','Rav'),
	(128,'Jannai','Rabbi'),
	(129,'Jacob b. Idi','Rabbi'),
	(130,'Isaac b. Elazar ','Rabbi'),
	(130,'Isaac b. Eleazar','Rabbi'),
	(131,'Isaac b. Nahman','Rabbi'),
	(131,'Isaac b. Nahmani','Rabbi'),
	(131,'Yitzhak b. Nahmani','Rabbi'),
	(132,'Isaac Nappaha','Rabbi'),
	(132,'Issac','Rabbi'),
	(132,'Yitzhak','Rabbi'),
	(133,'Jeremiah b. Abba','Rav'),
	(134,'Jeremiah','Rabbi'),
	(135,'Ishmael','Rabbi'),
	(135,'Yishmael','Rabbi'),
	(136,'Ishmael b. Jose ','Rabbi'),
	(137,'Ishmael b. Johanan b. Berokah ','Rabbi'),
	(137,'Ishmael b. Yohanan b. Beroqa','Rabbi'),
	(139,'Kahana','Rav'),
	(140,'Kahana','Rav'),
	(141,'Kahana','Rav'),
	(142,'Kahana','Rav'),
	(143,'Kahana','Rav'),
	(144,'Levi (II)','Rabbi'),
	(145,'Levi','Rabbi'),
	(145,'Levi (I)',''),
	(148,'Mana ','Rabbi'),
	(148,'Mani','Rabbi'),
	(151,'Mar Ukva (I)',''),
	(153,'Matenah (I)','Rav'),
	(154,'Nahum of Gimzo',''),
	(155,'Nehunya b. haQanah','Rabbi'),
	(156,'Nehemiah','Rabbi'),
	(158,'Nachman b. Jacob','Rav'),
	(158,'Nahman','Rav'),
	(159,'Nachman b. Isaac','Rav'),
	(160,'Mattai',''),
	(160,'Nittai the Arbelite',''),
	(161,'Nathan the Babylonian ','Rabbi'),
	(161,'Nosson haBavli','Rabbi'),
	(162,'Symmachus',''),
	(163,'Ulla b. Ishmael',''),
	(163,'Ulla b. Yishmael',''),
	(164,'Ezra',''),
	(165,'I\'la','Rabbi'),
	(165,'La','Rabbi'),
	(165,'la\'i','Rabbi'),
	(167,'Akabia b. Mahalalel',''),
	(167,'Aqabyah b. Mahalalel',''),
	(168,'Akiba b. Joseph','Rabbi'),
	(168,'Akiva b. Yosef','Rabbi'),
	(168,'Aqiba','Rabbi'),
	(169,'Phinehas ben Jair','Rabbi'),
	(170,'Phinehas','Rabbi'),
	(170,'Phinehas b. Hama','Rabbi'),
	(170,'Pinehas','Rabbi'),
	(173,'Sadoq (II)','Rabbi'),
	(173,'Tzadok (IV)','Rabbi'),
	(173,'Zadok (II)','Rabbi'),
	(174,'Sadoq (I)','Rabbi'),
	(174,'Tzadok (II)','Rabbi'),
	(174,'Zadok (I)','Rabbi'),
	(177,'Abba Arikha',''),
	(177,'Rab',''),
	(178,'Raba',''),
	(178,'Raba b. Joseph b. Hama',''),
	(178,'Raba b. Yosef b. Hama',''),
	(179,'Rabbah b. Abuha ',''),
	(182,'Rabbah',''),
	(183,'Rabbah b. Huna',''),
	(185,'Abin','Rabbi'),
	(185,'Abun','Rabbi'),
	(185,'Avin','Rabbi'),
	(185,'Boon','Rabbi'),
	(185,'Bun','Rabbi'),
	(186,'Ravina (I)',''),
	(187,'Ravina (II)',''),
	(188,'Rahava',''),
	(190,'Rafram',''),
	(191,'Rafram',''),
	(193,'Sheshet b. Rav Idi','Rav'),
	(193,'Shisha b. Rav Idi','Rav'),
	(195,'Samuel',''),
	(196,'Samuel b. Isaac','Rabbi'),
	(197,'Samuel b. Nachman','Rabbi'),
	(197,'Shmuel b. Nahman','Rabbi'),
	(198,'Samuel b. Jose b. Abun','Rabbi'),
	(198,'Samuel b. Jose b. Boon','Rabbi'),
	(198,'Samuel b. Jose b. Bun','Rabbi'),
	(198,'Shmuel b. Yose b. Avin','Rabbi'),
	(199,'Samuel haKaton',''),
	(199,'Samuel the Small',''),
	(199,'Samuel the Younger',''),
	(200,'Simeon b. Eleazar','Rabbi'),
	(202,'Shiman b. Abba ','Rabbi'),
	(202,'Simeon b. Abba','Rabbi'),
	(203,'Shimon b. Gamliel','Rabban'),
	(203,'Simeon b. Gamaliel (II)','Rabban'),
	(204,'Shimon b. Gamliel ','Rabban'),
	(204,'Simeon b. Gamaliel','Rabban'),
	(205,'Ben Zoma',''),
	(205,'Simeon b. Zoma',''),
	(206,'Simeon b. Halafta',''),
	(207,'Simeon b. Judah','Rabbi'),
	(208,'Resh Lakish','Rabbi'),
	(208,'Simeon b. Lakish','Rabbi'),
	(209,'Simeon b. Menasya','Rabbi'),
	(210,'Ben Nannas',''),
	(210,'Simeon b. Nannas','Rabbi'),
	(211,'Ben Azzai',''),
	(211,'Simeon b. Azzai',''),
	(212,'Simeon b. Pazzi','Rabbi'),
	(212,'Simon b. Pazzi','Rabbi'),
	(213,'Shimon b. Yehudah haNasi','Rabbi'),
	(213,'Simeon b. Rabbi','Rabbi'),
	(214,'Simeon b. Shetach',''),
	(215,'Shimon','Rabbi'),
	(215,'Shimon b. Yochai','Rabbi'),
	(215,'Simeon','Rabbi'),
	(215,'Simeon b. Yohai','Rabbi'),
	(216,'Simeon the Just',''),
	(216,'Simeon the Righteous',''),
	(217,'Samaias',''),
	(217,'Sameas',''),
	(217,'Shemaiah',''),
	(219,'Tanhuma','Rabbi'),
	(220,'Eleazar b. Jacob (II)','Rabbi'),
	(220,'Eliezar b. Jacob (II)','Rabbi'),
	(221,'Sadoq',''),
	(221,'Zadok',''),
	(223,'Dostai b. R\' Jannai','Rabbi'),
	(225,'Levitas of Jabneh','Rabbi'),
	(227,'Mathia b. Heresh','Rabbi'),
	(227,'Matthia b. Heresh','Rabbi'),
	(227,'Matthiah b. Heresh','Rabbi'),
	(227,'Mattithiah b. Heresh','Rabbi'),
	(228,'Jose b. Judah of Kefar haBavli','Rabbi'),
	(229,'Judah b. Tema',''),
	(231,'Jose b. Kisma','Rabbi'),
	(231,'Yose b. Qismah','Rabbi'),
	(232,'Nahum the Mede',''),
	(233,'Hananiah b. Hezekiah b. Garon',''),
	(233,'Hananyah b. Hizkiyyah b. Garon',''),
	(234,'Papias','Rabbi'),
	(234,'Pappias','Rabbi'),
	(235,'Shimon haPakoli',''),
	(235,'Simeon the Pakulite',''),
	(236,'Johanan b. Torta',''),
	(237,'Pappus b. Judah',''),
	(238,'Jose son of the Damascene','Rabbi'),
	(238,'Yose son of the Damascene','Rabbi'),
	(239,'Eleazar b. Parta','Rabbi'),
	(240,'Eleazar b. Judah of Bartotha','Rabbi'),
	(240,'Eleazar b. Yehudah of Bartota','Rabbi'),
	(241,'Simeon the Temanite',''),
	(242,'Simeon of Shikmona','Rabbi'),
	(242,'Simeon of Shiqmonah','Rabbi'),
	(243,'Hidka','Rabbi'),
	(244,'Josiah','Rabbi'),
	(244,'Yoshiyya','Rabbi'),
	(246,'Jose b. Jasian','Rabbi'),
	(247,'Hanina b. Akabia','Rabbi'),
	(247,'Hanina b. Akiva','Rabbi'),
	(248,'Isi b. Judah',''),
	(248,'Issi b. Judah',''),
	(250,'Reuben b. Estrobile','Rabbi'),
	(250,'Reuben b. Strobilus','Rabbi'),
	(250,'Reuven Istrobeli','Rabbi'),
	(251,'Abba Jose b. Dostai',''),
	(252,'Achai b. Yoshiyya','Rabbi'),
	(252,'Ahai b. Josiah','Rabbi'),
	(253,'Jacob','Rabbi'),
	(253,'Jacob b. Korshai','Rabbi'),
	(253,'Ya\'akov','Rabbi'),
	(253,'Ya\'akov b. Korshai','Rabbi'),
	(254,'Isaac','Rabbi'),
	(256,'Dostai b. Judah','Rabbi'),
	(257,'Jose b. Kippar','Rabbi'),
	(258,'Menahem b. Jose','Rabbi'),
	(258,'Menahem b. Yose','Rabbi'),
	(259,'Jose b. haMeshullam','Rabbi'),
	(260,'Simeon b. Jose b. Lekonya','Rabbi'),
	(260,'Simeon b. R\' Jose b. Lakonia','Rabbi'),
	(261,'Bannaah','Rabbi'),
	(261,'Bannay','Rabbi'),
	(261,'Bannayah','Rabbi'),
	(265,'Acha the son of R\'Ika','Rav'),
	(266,'Isaac b. Joseph','Rav'),
	(267,'Judah b. Ro\'etz','Rabbi'),
	(267,'Judah b. Ro\'ez','Rabbi');

/*!40000 ALTER TABLE `alt_name_en` ENABLE KEYS */;
UNLOCK TABLES;


# Dump of table alt_name_heb
# ------------------------------------------------------------

DROP TABLE IF EXISTS `alt_name_heb`;

CREATE TABLE `alt_name_heb` (
  `anh_sage_id` int(3) unsigned zerofill NOT NULL COMMENT 'foreign key from sages table ',
  `alt_name_heb` varchar(50) NOT NULL,
  `alt_title_heb` varchar(10) NOT NULL,
  PRIMARY KEY (`anh_sage_id`,`alt_name_heb`)
) ENGINE=InnoDB DEFAULT CHARSET=utf8;

LOCK TABLES `alt_name_heb` WRITE;
/*!40000 ALTER TABLE `alt_name_heb` DISABLE KEYS */;

INSERT INTO `alt_name_heb` (`anh_sage_id`, `alt_name_heb`, `alt_title_heb`)
VALUES
	(005,'אבא בר אבא',''),
	(010,'אבין','רבי'),
	(013,'אונקלוס',''),
	(021,'אלעזר בן יוסי','רבי'),
	(024,'אחר',''),
	(025,'אלעזר','רבי'),
	(027,'אלעזר','רבי'),
	(031,'אלעזר ברבי שמעון','רבי'),
	(048,'גמליאל','רבן'),
	(048,'גמליאל השני','רבן'),
	(049,'גמליאל','רבן'),
	(049,'גמליאל בן יהודה הנשיא','רבן'),
	(050,'גמליאל','רבן'),
	(072,'חגא','רב'),
	(075,'חזקיהו',''),
	(086,'חנינא','רבי'),
	(087,'חנינא','רבי'),
	(090,'חנן בר אבא','רב'),
	(091,'חנניא דציפורי','רבי'),
	(101,'יהודה','רב'),
	(102,'יהודה בן שמעון בן פזי','רבי'),
	(103,'יהודה בן אילעאי','רבי'),
	(104,'רבי',''),
	(123,'יוסי','רבי'),
	(135,'ישמעאל','רבי'),
	(145,'לוי','רבי'),
	(148,'מני','רבי'),
	(160,'מתי',''),
	(163,'עולא בר ישמעאל',''),
	(168,'עקיבא בן יוסף','רבי'),
	(168,'עקיבה','רבי'),
	(170,'פנחס','רבי'),
	(177,'אבא אריכא',''),
	(178,'רבא בן יוסף בר חמא',''),
	(182,'רבה',''),
	(185,'אבין','רבי'),
	(185,'בון','רבי'),
	(188,'רחבא',''),
	(193,'ששת בריה דרב אידי','רב'),
	(195,'אריוך',''),
	(195,'שקוד',''),
	(198,'שמואל בר יוסי בר אבין','רבי'),
	(205,'בן זומא',''),
	(208,'ריש לקיש',''),
	(210,'בן ננס',''),
	(213,'שמעון בן יהודה הנשיא','רבי'),
	(219,'תנחומא','רבי'),
	(247,'חנינא בן עקביא','רבי'),
	(247,'חנינא בן עקיבא','רבי'),
	(253,'יעקב','רבי');

/*!40000 ALTER TABLE `alt_name_heb` ENABLE KEYS */;
UNLOCK TABLES;


# Dump of table articles
# ------------------------------------------------------------

DROP TABLE IF EXISTS `articles`;

CREATE TABLE `articles` (
  `a_sage_id` int(3) unsigned zerofill NOT NULL,
  `art_je` varchar(100) DEFAULT NULL,
  `art_wiki` varchar(100) DEFAULT NULL,
  PRIMARY KEY (`a_sage_id`),
  CONSTRAINT `articles_ibfk_1` FOREIGN KEY (`a_sage_id`) REFERENCES `sages` (`sage_id`) ON UPDATE CASCADE,
  CONSTRAINT `articles_ibfk_2` FOREIGN KEY (`a_sage_id`) REFERENCES `sages` (`sage_id`) ON UPDATE CASCADE
) ENGINE=InnoDB DEFAULT CHARSET=utf8;

LOCK TABLES `articles` WRITE;
/*!40000 ALTER TABLE `articles` DISABLE KEYS */;

INSERT INTO `articles` (`a_sage_id`, `art_je`, `art_wiki`)
VALUES
	(003,'http://www.jewishencyclopedia.com/view.jsp?artid=277&letter=S',NULL),
	(004,'http://www.jewishencyclopedia.com/view.jsp?letter=A&artid=164','http://en.wikipedia.org/wiki/Abbahu'),
	(006,'http://www.jewishencyclopedia.com/view.jsp?artid=645&letter=A','http://en.wikipedia.org/wiki/Abtalion'),
	(007,'http://www.jewishencyclopedia.com/view.jsp?artid=120&letter=A','http://en.wikipedia.org/wiki/Abaye'),
	(008,'http://www.jewishencyclopedia.com/view.jsp?artid=306&letter=A',NULL),
	(009,'http://www.jewishencyclopedia.com/view.jsp?artid=307&letter=A',NULL),
	(010,'http://www.jewishencyclopedia.com/view.jsp?artid=309&letter=A',NULL),
	(011,'http://www.jewishencyclopedia.com/view.jsp?artid=778&letter=A','http://en.wikipedia.org/wiki/Adda_bar_Ahavah'),
	(012,'http://www.jewishencyclopedia.com/view.jsp?artid=778&letter=A','http://en.wikipedia.org/wiki/Adda_bar_Ahavah'),
	(013,'http://www.jewishencyclopedia.com/view.jsp?artid=1674&letter=A',NULL),
	(014,'http://www.jewishencyclopedia.com/view.jsp?artid=929&letter=H','http://en.wikipedia.org/wiki/Hoshaiah_Rabbah'),
	(018,'http://www.jewishencyclopedia.com/view.jsp?artid=76&letter=I',NULL),
	(019,'http://www.jewishencyclopedia.com/view.jsp?artid=76&letter=I',NULL),
	(020,'http://www.jewishencyclopedia.com/view.jsp?artid=215&letter=E',NULL),
	(022,'http://www.jewishencyclopedia.com/view.jsp?artid=226&letter=E','http://en.wikipedia.org/wiki/Eliezer_ben_Jose'),
	(023,'http://www.jewishencyclopedia.com/view.jsp?artid=222&letter=E','http://en.wikipedia.org/wiki/Eliezer_ben_Jacob_I'),
	(024,'http://www.jewishencyclopedia.com/view.jsp?artid=296&letter=E','http://en.wikipedia.org/wiki/Elisha_ben_Abuyah'),
	(025,'http://www.jewishencyclopedia.com/view.jsp?artid=139&letter=E','http://en.wikipedia.org/wiki/Eleazar_ben_Azariah'),
	(026,'http://www.jewishencyclopedia.com/view.jsp?artid=138&letter=E','http://en.wikipedia.org/wiki/Eleazar_ben_Arach'),
	(027,'http://www.jewishencyclopedia.com/view.jsp?artid=134&letter=E','http://en.wikipedia.org/wiki/Eleazar_ben_Pedat'),
	(028,'http://www.jewishencyclopedia.com/view.jsp?artid=242&letter=E',NULL),
	(029,'http://www.jewishencyclopedia.com/view.jsp?artid=242&letter=E',NULL),
	(030,'http://www.jewishencyclopedia.com/view.jsp?artid=133&letter=E','http://en.wikipedia.org/wiki/Eleazar_ben_Shammua'),
	(031,'http://www.jewishencyclopedia.com/view.jsp?artid=168&letter=E',NULL),
	(032,'http://www.jewishencyclopedia.com/view.jsp?artid=160&letter=E',NULL),
	(034,'http://www.jewishencyclopedia.com/view.jsp?artid=1407&letter=A','http://en.wikipedia.org/wiki/Rav_Ammi'),
	(035,'http://www.jewishencyclopedia.com/view.jsp?artid=1381&letter=A',NULL),
	(036,'http://www.jewishencyclopedia.com/view.jsp?letter=A&artid=15811','http://en.wikipedia.org/wiki/Antigonus_of_Sokho'),
	(037,'http://www.jewishencyclopedia.com/view.jsp?artid=2038&letter=A#6171',NULL),
	(038,'http://www.jewishencyclopedia.com/view.jsp?artid=2038&letter=A#6174','http://en.wikipedia.org/wiki/Rabbi_Assi'),
	(040,'http://www.jewishencyclopedia.com/view.jsp?artid=1945&letter=A','http://en.wikipedia.org/wiki/Rav_Ashi'),
	(041,'http://www.jewishencyclopedia.com/view.jsp?artid=42&letter=B','http://en.wikipedia.org/wiki/Baba_Ben_Buta'),
	(042,'http://www.jewishencyclopedia.com/view.jsp?artid=464&letter=B','http://en.wikipedia.org/wiki/Bebai_ben_Abaye'),
	(044,'http://www.jewishencyclopedia.com/view.jsp?artid=236&letter=B','http://en.wikipedia.org/wiki/Bar_Kappara'),
	(048,'http://www.jewishencyclopedia.com/view.jsp?artid=52&letter=G','http://en.wikipedia.org/wiki/Gamaliel_III'),
	(049,'http://www.jewishencyclopedia.com/view.jsp?artid=53&letter=G','http://en.wikipedia.org/wiki/Gamaliel_II'),
	(050,'http://www.jewishencyclopedia.com/view.jsp?artid=51&letter=G','http://en.wikipedia.org/wiki/Gamaliel'),
	(053,'http://www.jewishencyclopedia.com/view.jsp?artid=361&letter=D#1101',NULL),
	(054,'http://www.jewishencyclopedia.com/view.jsp?artid=361&letter=D#1117',NULL),
	(055,'http://www.jewishencyclopedia.com/view.jsp?artid=963&letter=H','http://en.wikipedia.org/wiki/Rav_Huna'),
	(057,'http://www.jewishencyclopedia.com/view.jsp?artid=967&letter=H',NULL),
	(062,'http://www.jewishencyclopedia.com/view.jsp?artid=730&letter=H','http://en.wikipedia.org/wiki/Hillel_the_Elder'),
	(063,'http://www.jewishencyclopedia.com/view.jsp?artid=731&letter=H','http://en.wikipedia.org/wiki/Hillel_II'),
	(064,'http://www.jewishencyclopedia.com/view.jsp?artid=184&letter=H','http://en.wikipedia.org/wiki/Hamnuna'),
	(065,'http://www.jewishencyclopedia.com/view.jsp?artid=183&letter=H','http://en.wikipedia.org/wiki/Hamnuna'),
	(066,'http://www.jewishencyclopedia.com/view.jsp?artid=429&letter=J','http://en.wikipedia.org/wiki/Yose_ben_Yoezer'),
	(067,'http://www.jewishencyclopedia.com/view.jsp?artid=59&letter=Z',NULL),
	(071,'http://www.jewishencyclopedia.com/view.jsp?artid=113&letter=Z',NULL),
	(073,'http://www.jewishencyclopedia.com/view.jsp?artid=74&letter=O','http://en.wikipedia.org/wiki/Honi_HaM%27agel'),
	(076,'http://www.jewishencyclopedia.com/view.jsp?artid=810&letter=H','http://en.wikipedia.org/wiki/Rabbi_Hiyya'),
	(077,'http://www.jewishencyclopedia.com/view.jsp?artid=554&letter=H','http://en.wikipedia.org/wiki/Rabbi_Helbo'),
	(078,NULL,'http://en.wikipedia.org/wiki/Halafta'),
	(080,'http://www.jewishencyclopedia.com/view.jsp?artid=150&letter=H',NULL),
	(084,'http://www.jewishencyclopedia.com/view.jsp?artid=239&letter=H','http://en.wikipedia.org/wiki/Hanina_Ben_Dosa'),
	(086,'http://www.jewishencyclopedia.com/view.jsp?artid=241&letter=H','http://en.wikipedia.org/wiki/Hanina_bar_Hama'),
	(089,'http://www.jewishencyclopedia.com/view.jsp?artid=246&letter=H','http://en.wikipedia.org/wiki/Hanina_ben_Pappa'),
	(091,'http://www.jewishencyclopedia.com/view.jsp?artid=218&letter=H','http://en.wikipedia.org/wiki/Hanina_ben_Hakinai'),
	(093,'http://www.jewishencyclopedia.com/view.jsp?artid=221&letter=H','http://en.wikipedia.org/wiki/Haninah_ben_Teradion'),
	(094,'http://www.jewishencyclopedia.com/view.jsp?artid=801&letter=H','http://en.wikipedia.org/wiki/Rav_Chisda'),
	(095,'http://www.jewishencyclopedia.com/view.jsp?artid=66&letter=T','http://en.wikipedia.org/wiki/Tarfon'),
	(096,'http://www.jewishencyclopedia.com/view.jsp?artid=612&letter=J',NULL),
	(097,'http://www.jewishencyclopedia.com/view.jsp?artid=429&letter=B#1325','http://en.wikipedia.org/wiki/Yehuda_ben_Betheira'),
	(098,'http://www.jewishencyclopedia.com/view.jsp?artid=429&letter=B#1325','http://en.wikipedia.org/wiki/Yehuda_ben_Betheira'),
	(099,'http://www.jewishencyclopedia.com/view.jsp?artid=631&letter=J',NULL),
	(100,NULL,'http://en.wikipedia.org/wiki/Judah_ben_Tabbai'),
	(101,'http://www.jewishencyclopedia.com/view.jsp?artid=626&letter=J','http://en.wikipedia.org/wiki/Judah_ben_Ezekiel'),
	(103,'http://www.jewishencyclopedia.com/view.jsp?artid=632&letter=J','http://en.wikipedia.org/wiki/Judah_ben_Ilai'),
	(104,'http://www.jewishencyclopedia.com/view.jsp?artid=601&letter=J','http://en.wikipedia.org/wiki/Judah_haNasi'),
	(105,'http://www.jewishencyclopedia.com/view.jsp?artid=603&letter=J','http://en.wikipedia.org/wiki/Judah_III'),
	(106,'http://www.jewishencyclopedia.com/view.jsp?artid=602&letter=J','http://en.wikipedia.org/wiki/Judah_II'),
	(107,'http://www.jewishencyclopedia.com/view.jsp?artid=551&letter=J','http://en.wikipedia.org/wiki/Joshua_ben_Hananiah'),
	(108,'http://www.jewishencyclopedia.com/view.jsp?artid=557&letter=J','http://en.wikipedia.org/wiki/Joshua_ben_Levi'),
	(109,'http://www.jewishencyclopedia.com/view.jsp?artid=561&letter=J','http://en.wikipedia.org/wiki/Joshua_ben_Perachyah'),
	(110,'http://www.jewishencyclopedia.com/view.jsp?artid=556&letter=J',NULL),
	(112,'http://www.jewishencyclopedia.com/view.jsp?artid=349&letter=J',NULL),
	(113,'http://www.jewishencyclopedia.com/view.jsp?artid=362&letter=J','http://en.wikipedia.org/wiki/Yochanan_ben_Zakai'),
	(115,'http://www.jewishencyclopedia.com/view.jsp?artid=357&letter=J','http://en.wikipedia.org/wiki/Yochanan_bar_Nafcha'),
	(116,'http://www.jewishencyclopedia.com/view.jsp?artid=360&letter=J','http://en.wikipedia.org/wiki/Yochanan_Hasandlar'),
	(117,'http://www.jewishencyclopedia.com/view.jsp?artid=390&letter=J','http://en.wikipedia.org/wiki/Rav_Jonah'),
	(118,'http://www.jewishencyclopedia.com/view.jsp?artid=399&letter=J','http://en.wikipedia.org/wiki/Rabbi_Jonathan'),
	(119,'http://www.jewishencyclopedia.com/view.jsp?artid=414&letter=J','http://en.wikipedia.org/wiki/Jonathan_ben_Uzziel'),
	(120,'http://www.jewishencyclopedia.com/view.jsp?artid=427&letter=J&search=Jose','http://en.wikipedia.org/wiki/Jose_ben_Halafta'),
	(121,'http://www.jewishencyclopedia.com/view.jsp?artid=432&letter=J',NULL),
	(122,'http://www.jewishencyclopedia.com/view.jsp?artid=430&letter=J','http://en.wikipedia.org/wiki/Jose_ben_Johanan'),
	(124,'http://www.jewishencyclopedia.com/view.jsp?artid=426&letter=J','http://en.wikipedia.org/wiki/Jose_the_Galilean'),
	(125,'http://www.jewishencyclopedia.com/view.jsp?artid=434&letter=J',NULL),
	(128,'http://www.jewishencyclopedia.com/view.jsp?artid=14&letter=Y',NULL),
	(133,'http://www.jewishencyclopedia.com/view.jsp?artid=230&letter=J',NULL),
	(134,'http://www.jewishencyclopedia.com/view.jsp?artid=229&letter=J',NULL),
	(135,'http://www.jewishencyclopedia.com/view.jsp?artid=280&letter=I','http://en.wikipedia.org/wiki/Ishmael_ben_Elisha'),
	(136,'http://www.jewishencyclopedia.com/view.jsp?artid=282&letter=I','http://en.wikipedia.org/wiki/Ishmael_ben_Jose'),
	(137,'http://www.jewishencyclopedia.com/view.jsp?artid=281&letter=I',NULL),
	(144,'http://www.jewishencyclopedia.com/view.jsp?artid=237&letter=L','http://en.wikipedia.org/wiki/Levi_II'),
	(145,'http://www.jewishencyclopedia.com/view.jsp?artid=267&letter=L','http://en.wikipedia.org/wiki/Levi_ben_Sisi'),
	(146,'http://www.jewishencyclopedia.com/view.jsp?artid=343&letter=M','http://en.wikipedia.org/wiki/Rabbi_Meir'),
	(150,'http://www.jewishencyclopedia.com/view.jsp?artid=172&letter=Z',NULL),
	(154,'http://www.jewishencyclopedia.com/view.jsp?artid=41&letter=N','http://en.wikipedia.org/wiki/Nahum_of_Gimzo'),
	(155,'http://www.jewishencyclopedia.com/view.jsp?artid=176&letter=N','http://en.wikipedia.org/wiki/Nehunya_ben_ha-Kanah'),
	(156,NULL,'http://en.wikipedia.org/wiki/Rabbi_Nehemiah'),
	(158,'http://www.jewishencyclopedia.com/view.jsp?artid=27&letter=N','http://en.wikipedia.org/wiki/Rav_Nachman'),
	(159,'http://www.jewishencyclopedia.com/view.jsp?artid=26&letter=N','http://en.wikipedia.org/wiki/Rav_Nachman_bar_Yitzchak'),
	(160,'http://www.jewishencyclopedia.com/view.jsp?artid=312&letter=N','http://en.wikipedia.org/wiki/Nittai_of_Arbela'),
	(161,'http://www.jewishencyclopedia.com/view.jsp?artid=91&letter=N','http://en.wikipedia.org/wiki/Rabbi_Nathan'),
	(163,'http://www.jewishencyclopedia.com/view.jsp?artid=12&letter=U','http://en.wikipedia.org/wiki/Ulla_(Talmud)'),
	(164,'http://www.jewishencyclopedia.com/view.jsp?artid=2199&letter=A',NULL),
	(167,'http://www.jewishencyclopedia.com/view.jsp?letter=A&artid=1023','http://en.wikipedia.org/wiki/Akabia_ben_Mahalalel'),
	(168,'http://www.jewishencyclopedia.com/view.jsp?artid=1033&letter=A','http://en.wikipedia.org/wiki/Akiva'),
	(169,'http://www.jewishencyclopedia.com/view.jsp?artid=286&letter=P','http://en.wikipedia.org/wiki/Phinehas_ben_Jair'),
	(170,'http://www.jewishencyclopedia.com/view.jsp?artid=285&letter=P',NULL),
	(171,'http://www.jewishencyclopedia.com/view.jsp?artid=53&letter=P','http://en.wikipedia.org/wiki/Rav_Papa'),
	(174,'http://www.jewishencyclopedia.com/view.jsp?artid=11&letter=Z',NULL),
	(177,'http://www.jewishencyclopedia.com/view.jsp?artid=127&letter=A','http://en.wikipedia.org/wiki/Abba_Arika'),
	(178,'http://www.jewishencyclopedia.com/view.jsp?artid=5&letter=R','http://en.wikipedia.org/wiki/Rava_(amora)'),
	(179,'http://www.jewishencyclopedia.com/view.jsp?artid=10&letter=R',NULL),
	(180,'http://www.jewishencyclopedia.com/view.jsp?artid=13&letter=R','http://en.wikipedia.org/wiki/Rabbah_bar_bar_Hana'),
	(181,'http://www.jewishencyclopedia.com/view.jsp?artid=12&letter=R',NULL),
	(182,'http://www.jewishencyclopedia.com/view.jsp?artid=4&letter=R',NULL),
	(183,'http://www.jewishencyclopedia.com/view.jsp?artid=16&letter=R','http://en.wikipedia.org/wiki/Raba_bar_Rav_Huna'),
	(184,'http://www.jewishencyclopedia.com/view.jsp?artid=25&letter=R',NULL),
	(185,'http://www.jewishencyclopedia.com/view.jsp?artid=309&letter=A',NULL),
	(186,'http://www.jewishencyclopedia.com/view.jsp?artid=41&letter=R',NULL),
	(187,'http://www.jewishencyclopedia.com/view.jsp?artid=42&letter=R',NULL),
	(189,'http://www.jewishencyclopedia.com/view.jsp?artid=91&letter=R','http://en.wikipedia.org/wiki/Rami_bar_Hama'),
	(190,'http://www.jewishencyclopedia.com/view.jsp?artid=64&letter=R',NULL),
	(191,'http://www.jewishencyclopedia.com/view.jsp?artid=65&letter=R',NULL),
	(192,'http://www.jewishencyclopedia.com/view.jsp?artid=589&letter=S','http://en.wikipedia.org/wiki/Rav_Shela'),
	(194,'http://www.jewishencyclopedia.com/view.jsp?artid=549&letter=S','http://en.wikipedia.org/wiki/Shammai'),
	(195,'http://www.jewishencyclopedia.com/view.jsp?artid=204&letter=S',NULL),
	(197,'http://www.jewishencyclopedia.com/view.jsp?artid=184&letter=S','http://en.wikipedia.org/wiki/Samuel_ben_Nahman'),
	(198,'http://www.jewishencyclopedia.com/view.jsp?artid=165&letter=S',NULL),
	(199,'http://www.jewishencyclopedia.com/view.jsp?artid=173&letter=S','http://en.wikipedia.org/wiki/Shmuel_haKatan'),
	(200,'http://www.jewishencyclopedia.com/view.jsp?artid=739&letter=S',NULL),
	(201,NULL,'http://en.wikipedia.org/wiki/Simlai'),
	(202,'http://www.jewishencyclopedia.com/view.jsp?artid=733&letter=S',NULL),
	(203,'http://www.jewishencyclopedia.com/view.jsp?artid=732&letter=S','http://en.wikipedia.org/wiki/Shimon_ben_Gamliel_II'),
	(204,'http://www.jewishencyclopedia.com/view.jsp?artid=731&letter=S','http://en.wikipedia.org/wiki/Shimon_ben_Gamliel'),
	(205,'http://www.jewishencyclopedia.com/view.jsp?artid=662&letter=B','http://en.wikipedia.org/wiki/Simon_ben_Zoma'),
	(206,'http://www.jewishencyclopedia.com/view.jsp?artid=742&letter=S',NULL),
	(207,'http://www.jewishencyclopedia.com/view.jsp?artid=749&letter=S',NULL),
	(208,'http://www.jewishencyclopedia.com/view.jsp?letter=S&artid=757','http://en.wikipedia.org/wiki/Shimon_ben_Lakish'),
	(209,'http://www.jewishencyclopedia.com/view.jsp?artid=758&letter=S',NULL),
	(210,'http://www.jewishencyclopedia.com/view.jsp?artid=760&letter=S',NULL),
	(212,'http://www.jewishencyclopedia.com/view.jsp?artid=763&letter=S',NULL),
	(213,'http://www.jewishencyclopedia.com/view.jsp?artid=751&letter=S',NULL),
	(214,'http://www.jewishencyclopedia.com/view.jsp?artid=768&letter=S','http://en.wikipedia.org/wiki/Simeon_ben_Shetach'),
	(215,'http://www.jewishencyclopedia.com/view.jsp?artid=774&letter=S','http://en.wikipedia.org/wiki/Shimon_bar_Yochai'),
	(216,'http://www.jewishencyclopedia.com/view.jsp?letter=S&artid=752','http://en.wikipedia.org/wiki/Simeon_the_Just'),
	(217,'http://www.jewishencyclopedia.com/view.jsp?artid=602&letter=S','http://en.wikipedia.org/wiki/Sh%27maya_(Mishnah)'),
	(218,'http://www.jewishencyclopedia.com/view.jsp?artid=619&letter=S','http://en.wikipedia.org/wiki/Sheshet'),
	(219,'http://www.jewishencyclopedia.com/view.jsp?artid=54&letter=T','http://en.wikipedia.org/wiki/Tanhuma_bar_Abba'),
	(220,'http://www.jewishencyclopedia.com/view.jsp?artid=222&letter=E','http://en.wikipedia.org/wiki/Eliezer_ben_Jacob_II'),
	(221,'http://www.jewishencyclopedia.com/view.jsp?artid=40&letter=S','http://en.wikipedia.org/wiki/Sadducee'),
	(222,'http://www.jewishencyclopedia.com/view.jsp?artid=1232&letter=B','http://en.wikipedia.org/wiki/Boethusians'),
	(227,'http://www.jewishencyclopedia.com/view.jsp?artid=270&letter=M','http://en.wikipedia.org/wiki/Matteya_ben_Heresh'),
	(230,'http://www.jewishencyclopedia.com/view.jsp?artid=626&letter=B',NULL),
	(232,'http://www.jewishencyclopedia.com/view.jsp?artid=42&letter=N',NULL),
	(236,'http://www.jewishencyclopedia.com/view.jsp?artid=361&letter=J',NULL),
	(237,'http://www.jewishencyclopedia.com/view.jsp?artid=61&letter=P',NULL),
	(240,'http://www.jewishencyclopedia.com/view.jsp?artid=152&letter=E',NULL),
	(244,'http://www.jewishencyclopedia.com/view.jsp?artid=565&letter=J',NULL),
	(245,'http://www.jewishencyclopedia.com/view.jsp?artid=202&letter=H',NULL),
	(247,'http://www.jewishencyclopedia.com/view.jsp?artid=216&letter=H',NULL),
	(250,'http://www.jewishencyclopedia.com/view.jsp?artid=242&letter=R',NULL),
	(252,'http://www.jewishencyclopedia.com/view.jsp?artid=963&letter=A',NULL),
	(260,'http://www.jewishencyclopedia.com/view.jsp?artid=747&letter=S',NULL),
	(261,'http://www.jewishencyclopedia.com/view.jsp?artid=212&letter=B',NULL),
	(262,'http://www.jewishencyclopedia.com/view.jsp?artid=761&letter=S',NULL);

/*!40000 ALTER TABLE `articles` ENABLE KEYS */;
UNLOCK TABLES;


# Dump of table lineage
# ------------------------------------------------------------

DROP TABLE IF EXISTS `lineage`;

CREATE TABLE `lineage` (
  `l_sage_id_student` int(3) unsigned zerofill NOT NULL COMMENT 'foreign key from sages table ',
  `l_sage_id_teacher` int(3) unsigned zerofill NOT NULL COMMENT 'foreign key from sages table ',
  PRIMARY KEY (`l_sage_id_student`,`l_sage_id_teacher`),
  KEY `l_sage_id_teacher` (`l_sage_id_teacher`),
  CONSTRAINT `lineage_ibfk_4` FOREIGN KEY (`l_sage_id_student`) REFERENCES `sages` (`sage_id`) ON UPDATE CASCADE,
  CONSTRAINT `lineage_ibfk_5` FOREIGN KEY (`l_sage_id_teacher`) REFERENCES `sages` (`sage_id`) ON UPDATE CASCADE
) ENGINE=InnoDB DEFAULT CHARSET=utf8;

LOCK TABLES `lineage` WRITE;
/*!40000 ALTER TABLE `lineage` DISABLE KEYS */;

INSERT INTO `lineage` (`l_sage_id_student`, `l_sage_id_teacher`)
VALUES
	(009,004),
	(134,004),
	(158,004),
	(185,004),
	(266,004),
	(195,005),
	(062,006),
	(194,006),
	(042,007),
	(067,007),
	(171,007),
	(094,008),
	(064,012),
	(158,012),
	(027,014),
	(115,014),
	(265,016),
	(057,019),
	(171,019),
	(013,020),
	(161,020),
	(166,020),
	(168,020),
	(146,024),
	(110,025),
	(166,025),
	(034,027),
	(180,027),
	(104,030),
	(257,030),
	(071,034),
	(066,036),
	(122,036),
	(221,036),
	(222,036),
	(149,040),
	(186,040),
	(187,040),
	(191,040),
	(014,044),
	(108,044),
	(177,044),
	(083,048),
	(103,048),
	(166,048),
	(224,048),
	(106,049),
	(028,050),
	(048,050),
	(095,050),
	(016,055),
	(064,055),
	(068,055),
	(069,055),
	(072,055),
	(077,055),
	(094,055),
	(126,055),
	(182,055),
	(183,055),
	(218,055),
	(268,055),
	(014,058),
	(128,058),
	(177,058),
	(181,058),
	(061,059),
	(113,062),
	(119,062),
	(071,065),
	(109,066),
	(160,066),
	(140,067),
	(117,068),
	(134,068),
	(059,070),
	(147,074),
	(115,075),
	(082,076),
	(134,076),
	(045,077),
	(120,078),
	(077,081),
	(144,082),
	(070,086),
	(115,086),
	(177,086),
	(061,090),
	(019,094),
	(064,094),
	(069,094),
	(079,094),
	(178,094),
	(182,094),
	(189,094),
	(083,095),
	(091,095),
	(096,095),
	(103,095),
	(120,095),
	(124,095),
	(135,095),
	(161,095),
	(211,095),
	(030,097),
	(116,097),
	(006,100),
	(217,100),
	(126,101),
	(129,101),
	(141,101),
	(182,101),
	(188,101),
	(031,103),
	(104,103),
	(121,103),
	(136,103),
	(203,103),
	(255,103),
	(014,104),
	(044,104),
	(058,104),
	(115,104),
	(128,104),
	(145,104),
	(177,104),
	(213,104),
	(201,106),
	(208,106),
	(013,107),
	(112,107),
	(135,107),
	(168,107),
	(205,107),
	(211,107),
	(241,107),
	(249,107),
	(115,108),
	(131,108),
	(197,108),
	(212,108),
	(100,109),
	(214,109),
	(137,112),
	(003,113),
	(020,113),
	(025,113),
	(026,113),
	(048,113),
	(084,113),
	(095,113),
	(107,113),
	(125,113),
	(155,113),
	(262,113),
	(110,114),
	(112,114),
	(120,114),
	(002,115),
	(004,115),
	(070,115),
	(076,115),
	(105,115),
	(129,115),
	(132,115),
	(163,115),
	(165,115),
	(180,115),
	(208,115),
	(147,117),
	(104,120),
	(109,122),
	(160,122),
	(007,126),
	(042,126),
	(069,126),
	(178,126),
	(115,128),
	(148,128),
	(201,128),
	(034,132),
	(001,133),
	(068,133),
	(218,133),
	(069,134),
	(074,134),
	(117,134),
	(170,134),
	(185,134),
	(118,135),
	(146,135),
	(161,135),
	(166,135),
	(244,135),
	(245,135),
	(254,135),
	(177,136),
	(126,139),
	(182,139),
	(017,143),
	(040,143),
	(195,145),
	(029,146),
	(104,146),
	(162,146),
	(200,146),
	(209,146),
	(253,146),
	(168,154),
	(027,155),
	(117,155),
	(135,155),
	(208,155),
	(007,158),
	(016,158),
	(053,158),
	(159,158),
	(178,158),
	(100,160),
	(109,160),
	(214,160),
	(104,161),
	(064,163),
	(069,165),
	(117,165),
	(185,165),
	(103,166),
	(107,166),
	(013,168),
	(022,168),
	(030,168),
	(086,168),
	(091,168),
	(092,168),
	(097,168),
	(103,168),
	(116,168),
	(120,168),
	(146,168),
	(156,168),
	(211,168),
	(215,168),
	(220,168),
	(241,168),
	(242,168),
	(243,168),
	(018,171),
	(040,171),
	(150,171),
	(150,172),
	(012,177),
	(027,177),
	(047,177),
	(051,177),
	(055,177),
	(059,177),
	(060,177),
	(061,177),
	(065,177),
	(070,177),
	(081,177),
	(090,177),
	(094,177),
	(101,177),
	(133,177),
	(139,177),
	(142,177),
	(175,177),
	(179,177),
	(181,177),
	(183,177),
	(011,178),
	(046,178),
	(067,178),
	(143,178),
	(152,178),
	(171,178),
	(172,178),
	(186,178),
	(158,179),
	(007,182),
	(141,182),
	(184,186),
	(187,186),
	(041,194),
	(027,195),
	(055,195),
	(060,195),
	(061,195),
	(090,195),
	(101,195),
	(115,195),
	(131,195),
	(133,195),
	(183,195),
	(077,197),
	(089,197),
	(104,203),
	(004,208),
	(163,208),
	(165,208),
	(006,214),
	(217,214),
	(031,215),
	(104,215),
	(256,215),
	(036,216),
	(066,216),
	(122,216),
	(062,217),
	(194,217),
	(189,218),
	(269,229),
	(177,252),
	(104,253);

/*!40000 ALTER TABLE `lineage` ENABLE KEYS */;
UNLOCK TABLES;


# Dump of table periods
# ------------------------------------------------------------

DROP TABLE IF EXISTS `periods`;

CREATE TABLE `periods` (
  `period_symbol` varchar(5) NOT NULL,
  `period_seq` decimal(3,1) NOT NULL,
  `period_era` varchar(50) NOT NULL,
  `period_generation` varchar(50) DEFAULT '',
  `period_dates` varchar(50) NOT NULL,
  PRIMARY KEY (`period_symbol`),
  UNIQUE KEY `period_id` (`period_seq`),
  KEY `period_era` (`period_era`,`period_generation`,`period_dates`)
) ENGINE=InnoDB DEFAULT CHARSET=utf8;

LOCK TABLES `periods` WRITE;
/*!40000 ALTER TABLE `periods` DISABLE KEYS */;

INSERT INTO `periods` (`period_symbol`, `period_seq`, `period_era`, `period_generation`, `period_dates`)
VALUES
	('A1',19.0,'Amoraim','first generation','220 – 250 CE'),
	('A1/A2',19.5,'Amoraim','first and second generations','220 - 290 CE'),
	('A2',20.0,'Amoraim','second generation','250 – 290 CE'),
	('A2/A3',20.5,'Amoraim','second and third generations','250 - 320 CE'),
	('A3',21.0,'Amoraim','third generation','290 – 320 CE'),
	('A3/A4',21.5,'Amoraim','third and fourth generations','290 - 350 CE'),
	('A4',22.0,'Amoraim','fourth generation','320 – 350 CE'),
	('A4/A5',22.5,'Amoraim','fourth and fifth generations','320 - 375 CE'),
	('A5',23.0,'Amoraim','fifth generation','350 – 375 CE'),
	('A5/A6',23.5,'Amoraim','fifth and sixth generations','350 - 425 CE'),
	('A6',24.0,'Amoraim','sixth generation','375 – 425 CE'),
	('A6/A7',24.5,'Amoraim','sixth and seventh generations','375 - 460 CE'),
	('A7',25.0,'Amoraim','seventh generation','425 – 460 CE'),
	('A8',26.0,'Amoraim','eighth generation','460 – 500 CE'),
	('AH',30.0,'Acharonim','','15th c. CE - present'),
	('AV',1.0,'Avot','','before 13th c. BCE'),
	('GN',28.0,'Geonim','','6th c. - 11th c. CE'),
	('KG',5.0,'Great Assembly','','3rd c. BCE'),
	('MS',2.0,'Moshe Rabbeinu','','13th c. BCE'),
	('NA',4.0,'Latter Prophets','','6th c. - 3rd c. BCE'),
	('NR',3.0,'Former Prophets','','13th c. - 6th c. BCE'),
	('PT',6.0,'pre-Tannaic','','3rd c. – 1st c. BCE'),
	('RI',29.0,'Rishonim','','11th c. - 15th c. CE'),
	('SV',27.0,'Savoraim','','500 - 540 CE'),
	('T',12.1,'Tannaim','unknown generation','20 -200 CE'),
	('T1',12.0,'Tannaim','first generation','20 – 40 CE'),
	('T2',13.0,'Tannaim','second generation','40 – 80 CE'),
	('T3',14.0,'Tannaim','third generation','80 – 110 CE'),
	('T4',15.0,'Tannaim','fourth generation','110 – 135 CE'),
	('T4/T5',15.5,'Tannaim','fourth and fifth generations','110 - 170 CE'),
	('T5',16.0,'Tannaim','fifth generation','135 – 170 CE'),
	('T6',17.0,'Tannaim','sixth generation','170 – 200 CE'),
	('TA',18.0,'Tannaim/Amoraim','transition','200 – 220 CE'),
	('Z1',7.0,'Zugot','first generation','2nd c. BCE'),
	('Z2',8.0,'Zugot','second generation','2nd c. BCE'),
	('Z3',9.0,'Zugot','third generation','1st c. BCE'),
	('Z4',10.0,'Zugot','fourth generation','1st c. BCE'),
	('Z5',11.0,'Zugot','fifth generation','30 BCE – 20 CE');

/*!40000 ALTER TABLE `periods` ENABLE KEYS */;
UNLOCK TABLES;


# Dump of table regions
# ------------------------------------------------------------

DROP TABLE IF EXISTS `regions`;

CREATE TABLE `regions` (
  `region_name_heb` varchar(20) NOT NULL DEFAULT '',
  `region_name_en` varchar(30) NOT NULL DEFAULT '',
  PRIMARY KEY (`region_name_heb`),
  KEY `region_name_heb` (`region_name_heb`,`region_name_en`)
) ENGINE=InnoDB DEFAULT CHARSET=utf8;

LOCK TABLES `regions` WRITE;
/*!40000 ALTER TABLE `regions` DISABLE KEYS */;

INSERT INTO `regions` (`region_name_heb`, `region_name_en`)
VALUES
	('ארץ ישראל','Eretz Yisrael'),
	('ארץ ישראל ורומא','Eretz Yisrael and Rome'),
	('בבל','Babylonia'),
	('בבלי וארץ ישראל','Babylonia and Eretz Yisrael'),
	('רומא','Rome');

/*!40000 ALTER TABLE `regions` ENABLE KEYS */;
UNLOCK TABLES;


# Dump of table sage_period
# ------------------------------------------------------------

DROP TABLE IF EXISTS `sage_period`;

CREATE TABLE `sage_period` (
  `sp_sage_id` int(3) unsigned zerofill NOT NULL COMMENT 'foreign key from sages table ',
  `sp_period_symbol` varchar(5) NOT NULL COMMENT 'foreign key from periods table ',
  PRIMARY KEY (`sp_sage_id`,`sp_period_symbol`),
  KEY `sp_period_symbol` (`sp_period_symbol`),
  CONSTRAINT `sage_period_ibfk_3` FOREIGN KEY (`sp_sage_id`) REFERENCES `sages` (`sage_id`) ON UPDATE CASCADE,
  CONSTRAINT `sage_period_ibfk_4` FOREIGN KEY (`sp_period_symbol`) REFERENCES `periods` (`period_symbol`) ON UPDATE CASCADE
) ENGINE=InnoDB DEFAULT CHARSET=utf8;

LOCK TABLES `sage_period` WRITE;
/*!40000 ALTER TABLE `sage_period` DISABLE KEYS */;

INSERT INTO `sage_period` (`sp_sage_id`, `sp_period_symbol`)
VALUES
	(005,'A1'),
	(037,'A1'),
	(039,'A1'),
	(075,'A1'),
	(080,'A1'),
	(086,'A1'),
	(099,'A1'),
	(106,'A1'),
	(108,'A1'),
	(128,'A1'),
	(142,'A1'),
	(151,'A1'),
	(176,'A1'),
	(177,'A1'),
	(181,'A1'),
	(195,'A1'),
	(051,'A1/A2'),
	(008,'A2'),
	(012,'A2'),
	(047,'A2'),
	(055,'A2'),
	(059,'A2'),
	(060,'A2'),
	(061,'A2'),
	(065,'A2'),
	(070,'A2'),
	(081,'A2'),
	(082,'A2'),
	(090,'A2'),
	(101,'A2'),
	(115,'A2'),
	(132,'A2'),
	(133,'A2'),
	(139,'A2'),
	(148,'A2'),
	(153,'A2'),
	(175,'A2'),
	(179,'A2'),
	(201,'A2'),
	(208,'A2'),
	(129,'A2/A3'),
	(163,'A2/A3'),
	(212,'A2/A3'),
	(001,'A3'),
	(002,'A3'),
	(004,'A3'),
	(016,'A3'),
	(027,'A3'),
	(034,'A3'),
	(038,'A3'),
	(064,'A3'),
	(068,'A3'),
	(071,'A3'),
	(076,'A3'),
	(077,'A3'),
	(089,'A3'),
	(094,'A3'),
	(105,'A3'),
	(126,'A3'),
	(131,'A3'),
	(138,'A3'),
	(141,'A3'),
	(144,'A3'),
	(158,'A3'),
	(165,'A3'),
	(180,'A3'),
	(182,'A3'),
	(183,'A3'),
	(188,'A3'),
	(196,'A3'),
	(197,'A3'),
	(202,'A3'),
	(218,'A3'),
	(268,'A3'),
	(019,'A3/A4'),
	(053,'A3/A4'),
	(072,'A3/A4'),
	(134,'A3/A4'),
	(185,'A3/A4'),
	(266,'A3/A4'),
	(007,'A4'),
	(009,'A4'),
	(011,'A4'),
	(015,'A4'),
	(045,'A4'),
	(054,'A4'),
	(056,'A4'),
	(063,'A4'),
	(069,'A4'),
	(102,'A4'),
	(117,'A4'),
	(123,'A4'),
	(130,'A4'),
	(157,'A4'),
	(159,'A4'),
	(170,'A4'),
	(178,'A4'),
	(189,'A4'),
	(074,'A4/A5'),
	(193,'A4/A5'),
	(010,'A5'),
	(018,'A5'),
	(021,'A5'),
	(042,'A5'),
	(057,'A5'),
	(067,'A5'),
	(079,'A5'),
	(087,'A5'),
	(143,'A5'),
	(147,'A5'),
	(152,'A5'),
	(164,'A5'),
	(171,'A5'),
	(172,'A5'),
	(198,'A5'),
	(219,'A5'),
	(265,'A5'),
	(035,'A5/A6'),
	(111,'A5/A6'),
	(040,'A6'),
	(046,'A6'),
	(140,'A6'),
	(150,'A6'),
	(186,'A6'),
	(190,'A6'),
	(017,'A6/A7'),
	(127,'A6/A7'),
	(149,'A7'),
	(191,'A7'),
	(184,'A8'),
	(187,'A8'),
	(216,'KG'),
	(036,'PT'),
	(073,'PT'),
	(221,'PT'),
	(222,'PT'),
	(267,'T'),
	(041,'T1'),
	(043,'T1'),
	(050,'T1'),
	(119,'T1'),
	(167,'T1'),
	(230,'T1'),
	(232,'T1'),
	(233,'T1'),
	(052,'T2'),
	(084,'T2'),
	(088,'T2'),
	(098,'T2'),
	(113,'T2'),
	(174,'T2'),
	(204,'T2'),
	(020,'T3'),
	(023,'T3'),
	(026,'T3'),
	(028,'T3'),
	(048,'T3'),
	(085,'T3'),
	(095,'T3'),
	(107,'T3'),
	(125,'T3'),
	(154,'T3'),
	(155,'T3'),
	(199,'T3'),
	(224,'T3'),
	(225,'T3'),
	(231,'T3'),
	(234,'T3'),
	(235,'T3'),
	(262,'T3'),
	(264,'T3'),
	(013,'T4'),
	(024,'T4'),
	(025,'T4'),
	(032,'T4'),
	(078,'T4'),
	(083,'T4'),
	(091,'T4'),
	(092,'T4'),
	(093,'T4'),
	(096,'T4'),
	(097,'T4'),
	(112,'T4'),
	(114,'T4'),
	(124,'T4'),
	(135,'T4'),
	(166,'T4'),
	(168,'T4'),
	(205,'T4'),
	(210,'T4'),
	(211,'T4'),
	(229,'T4'),
	(236,'T4'),
	(237,'T4'),
	(238,'T4'),
	(239,'T4'),
	(240,'T4'),
	(241,'T4'),
	(242,'T4'),
	(243,'T4'),
	(249,'T4'),
	(250,'T4'),
	(251,'T4'),
	(269,'T4'),
	(003,'T4/T5'),
	(022,'T5'),
	(029,'T5'),
	(030,'T5'),
	(103,'T5'),
	(110,'T5'),
	(116,'T5'),
	(118,'T5'),
	(120,'T5'),
	(137,'T5'),
	(146,'T5'),
	(156,'T5'),
	(161,'T5'),
	(173,'T5'),
	(203,'T5'),
	(215,'T5'),
	(220,'T5'),
	(223,'T5'),
	(226,'T5'),
	(227,'T5'),
	(228,'T5'),
	(244,'T5'),
	(245,'T5'),
	(246,'T5'),
	(247,'T5'),
	(248,'T5'),
	(252,'T5'),
	(253,'T5'),
	(254,'T5'),
	(257,'T5'),
	(263,'T5'),
	(031,'T6'),
	(033,'T6'),
	(104,'T6'),
	(121,'T6'),
	(136,'T6'),
	(162,'T6'),
	(169,'T6'),
	(200,'T6'),
	(206,'T6'),
	(207,'T6'),
	(209,'T6'),
	(255,'T6'),
	(256,'T6'),
	(258,'T6'),
	(259,'T6'),
	(260,'T6'),
	(014,'TA'),
	(044,'TA'),
	(049,'TA'),
	(058,'TA'),
	(145,'TA'),
	(192,'TA'),
	(213,'TA'),
	(261,'TA'),
	(066,'Z1'),
	(122,'Z1'),
	(109,'Z2'),
	(160,'Z2'),
	(100,'Z3'),
	(214,'Z3'),
	(006,'Z4'),
	(217,'Z4'),
	(062,'Z5'),
	(194,'Z5');

/*!40000 ALTER TABLE `sage_period` ENABLE KEYS */;
UNLOCK TABLES;


# Dump of table sage_region
# ------------------------------------------------------------

DROP TABLE IF EXISTS `sage_region`;

CREATE TABLE `sage_region` (
  `sr_sage_id` int(3) unsigned zerofill NOT NULL COMMENT 'foreign key from sages table ',
  `sr_region_name_heb` varchar(20) NOT NULL DEFAULT '' COMMENT 'foreign key from regions table ',
  PRIMARY KEY (`sr_sage_id`,`sr_region_name_heb`),
  KEY `sr_region_name_heb` (`sr_region_name_heb`),
  CONSTRAINT `sage_region_ibfk_3` FOREIGN KEY (`sr_sage_id`) REFERENCES `sages` (`sage_id`) ON UPDATE CASCADE,
  CONSTRAINT `sage_region_ibfk_4` FOREIGN KEY (`sr_region_name_heb`) REFERENCES `regions` (`region_name_heb`) ON UPDATE CASCADE
) ENGINE=InnoDB DEFAULT CHARSET=utf8;

LOCK TABLES `sage_region` WRITE;
/*!40000 ALTER TABLE `sage_region` DISABLE KEYS */;

INSERT INTO `sage_region` (`sr_sage_id`, `sr_region_name_heb`)
VALUES
	(001,'ארץ ישראל'),
	(002,'ארץ ישראל'),
	(003,'ארץ ישראל'),
	(004,'ארץ ישראל'),
	(006,'ארץ ישראל'),
	(009,'ארץ ישראל'),
	(010,'ארץ ישראל'),
	(013,'ארץ ישראל'),
	(014,'ארץ ישראל'),
	(015,'ארץ ישראל'),
	(020,'ארץ ישראל'),
	(021,'ארץ ישראל'),
	(022,'ארץ ישראל'),
	(023,'ארץ ישראל'),
	(024,'ארץ ישראל'),
	(025,'ארץ ישראל'),
	(026,'ארץ ישראל'),
	(027,'ארץ ישראל'),
	(028,'ארץ ישראל'),
	(029,'ארץ ישראל'),
	(030,'ארץ ישראל'),
	(031,'ארץ ישראל'),
	(032,'ארץ ישראל'),
	(033,'ארץ ישראל'),
	(036,'ארץ ישראל'),
	(038,'ארץ ישראל'),
	(039,'ארץ ישראל'),
	(041,'ארץ ישראל'),
	(043,'ארץ ישראל'),
	(044,'ארץ ישראל'),
	(045,'ארץ ישראל'),
	(048,'ארץ ישראל'),
	(049,'ארץ ישראל'),
	(050,'ארץ ישראל'),
	(052,'ארץ ישראל'),
	(056,'ארץ ישראל'),
	(058,'ארץ ישראל'),
	(062,'ארץ ישראל'),
	(063,'ארץ ישראל'),
	(066,'ארץ ישראל'),
	(068,'ארץ ישראל'),
	(071,'ארץ ישראל'),
	(073,'ארץ ישראל'),
	(074,'ארץ ישראל'),
	(075,'ארץ ישראל'),
	(076,'ארץ ישראל'),
	(077,'ארץ ישראל'),
	(078,'ארץ ישראל'),
	(080,'ארץ ישראל'),
	(082,'ארץ ישראל'),
	(083,'ארץ ישראל'),
	(084,'ארץ ישראל'),
	(085,'ארץ ישראל'),
	(086,'ארץ ישראל'),
	(087,'ארץ ישראל'),
	(088,'ארץ ישראל'),
	(089,'ארץ ישראל'),
	(091,'ארץ ישראל'),
	(092,'ארץ ישראל'),
	(093,'ארץ ישראל'),
	(095,'ארץ ישראל'),
	(096,'ארץ ישראל'),
	(097,'ארץ ישראל'),
	(098,'ארץ ישראל'),
	(099,'ארץ ישראל'),
	(100,'ארץ ישראל'),
	(102,'ארץ ישראל'),
	(103,'ארץ ישראל'),
	(104,'ארץ ישראל'),
	(105,'ארץ ישראל'),
	(106,'ארץ ישראל'),
	(107,'ארץ ישראל'),
	(108,'ארץ ישראל'),
	(109,'ארץ ישראל'),
	(110,'ארץ ישראל'),
	(112,'ארץ ישראל'),
	(113,'ארץ ישראל'),
	(114,'ארץ ישראל'),
	(115,'ארץ ישראל'),
	(116,'ארץ ישראל'),
	(117,'ארץ ישראל'),
	(118,'ארץ ישראל'),
	(119,'ארץ ישראל'),
	(120,'ארץ ישראל'),
	(121,'ארץ ישראל'),
	(122,'ארץ ישראל'),
	(123,'ארץ ישראל'),
	(124,'ארץ ישראל'),
	(125,'ארץ ישראל'),
	(128,'ארץ ישראל'),
	(129,'ארץ ישראל'),
	(130,'ארץ ישראל'),
	(131,'ארץ ישראל'),
	(132,'ארץ ישראל'),
	(134,'ארץ ישראל'),
	(135,'ארץ ישראל'),
	(136,'ארץ ישראל'),
	(137,'ארץ ישראל'),
	(138,'ארץ ישראל'),
	(144,'ארץ ישראל'),
	(145,'ארץ ישראל'),
	(146,'ארץ ישראל'),
	(147,'ארץ ישראל'),
	(148,'ארץ ישראל'),
	(154,'ארץ ישראל'),
	(155,'ארץ ישראל'),
	(156,'ארץ ישראל'),
	(160,'ארץ ישראל'),
	(161,'ארץ ישראל'),
	(162,'ארץ ישראל'),
	(163,'ארץ ישראל'),
	(164,'ארץ ישראל'),
	(165,'ארץ ישראל'),
	(166,'ארץ ישראל'),
	(167,'ארץ ישראל'),
	(168,'ארץ ישראל'),
	(169,'ארץ ישראל'),
	(170,'ארץ ישראל'),
	(173,'ארץ ישראל'),
	(174,'ארץ ישראל'),
	(185,'ארץ ישראל'),
	(192,'ארץ ישראל'),
	(194,'ארץ ישראל'),
	(196,'ארץ ישראל'),
	(197,'ארץ ישראל'),
	(198,'ארץ ישראל'),
	(199,'ארץ ישראל'),
	(200,'ארץ ישראל'),
	(201,'ארץ ישראל'),
	(202,'ארץ ישראל'),
	(203,'ארץ ישראל'),
	(204,'ארץ ישראל'),
	(205,'ארץ ישראל'),
	(206,'ארץ ישראל'),
	(207,'ארץ ישראל'),
	(208,'ארץ ישראל'),
	(209,'ארץ ישראל'),
	(210,'ארץ ישראל'),
	(211,'ארץ ישראל'),
	(212,'ארץ ישראל'),
	(213,'ארץ ישראל'),
	(214,'ארץ ישראל'),
	(215,'ארץ ישראל'),
	(216,'ארץ ישראל'),
	(217,'ארץ ישראל'),
	(219,'ארץ ישראל'),
	(220,'ארץ ישראל'),
	(221,'ארץ ישראל'),
	(222,'ארץ ישראל'),
	(223,'ארץ ישראל'),
	(224,'ארץ ישראל'),
	(225,'ארץ ישראל'),
	(226,'ארץ ישראל'),
	(228,'ארץ ישראל'),
	(229,'ארץ ישראל'),
	(230,'ארץ ישראל'),
	(231,'ארץ ישראל'),
	(232,'ארץ ישראל'),
	(233,'ארץ ישראל'),
	(234,'ארץ ישראל'),
	(235,'ארץ ישראל'),
	(236,'ארץ ישראל'),
	(237,'ארץ ישראל'),
	(238,'ארץ ישראל'),
	(239,'ארץ ישראל'),
	(240,'ארץ ישראל'),
	(241,'ארץ ישראל'),
	(242,'ארץ ישראל'),
	(243,'ארץ ישראל'),
	(244,'ארץ ישראל'),
	(245,'ארץ ישראל'),
	(246,'ארץ ישראל'),
	(247,'ארץ ישראל'),
	(248,'ארץ ישראל'),
	(249,'ארץ ישראל'),
	(250,'ארץ ישראל'),
	(251,'ארץ ישראל'),
	(253,'ארץ ישראל'),
	(254,'ארץ ישראל'),
	(255,'ארץ ישראל'),
	(256,'ארץ ישראל'),
	(258,'ארץ ישראל'),
	(259,'ארץ ישראל'),
	(260,'ארץ ישראל'),
	(261,'ארץ ישראל'),
	(262,'ארץ ישראל'),
	(263,'ארץ ישראל'),
	(264,'ארץ ישראל'),
	(267,'ארץ ישראל'),
	(269,'ארץ ישראל'),
	(227,'ארץ ישראל ורומא'),
	(005,'בבל'),
	(007,'בבל'),
	(008,'בבל'),
	(011,'בבל'),
	(012,'בבל'),
	(016,'בבל'),
	(017,'בבל'),
	(018,'בבל'),
	(019,'בבל'),
	(035,'בבל'),
	(037,'בבל'),
	(040,'בבל'),
	(042,'בבל'),
	(046,'בבל'),
	(047,'בבל'),
	(051,'בבל'),
	(053,'בבל'),
	(054,'בבל'),
	(055,'בבל'),
	(057,'בבל'),
	(059,'בבל'),
	(060,'בבל'),
	(061,'בבל'),
	(064,'בבל'),
	(065,'בבל'),
	(067,'בבל'),
	(069,'בבל'),
	(070,'בבל'),
	(079,'בבל'),
	(081,'בבל'),
	(090,'בבל'),
	(094,'בבל'),
	(101,'בבל'),
	(111,'בבל'),
	(126,'בבל'),
	(127,'בבל'),
	(133,'בבל'),
	(139,'בבל'),
	(140,'בבל'),
	(141,'בבל'),
	(142,'בבל'),
	(143,'בבל'),
	(149,'בבל'),
	(150,'בבל'),
	(151,'בבל'),
	(152,'בבל'),
	(153,'בבל'),
	(157,'בבל'),
	(158,'בבל'),
	(159,'בבל'),
	(171,'בבל'),
	(172,'בבל'),
	(175,'בבל'),
	(176,'בבל'),
	(177,'בבל'),
	(178,'בבל'),
	(179,'בבל'),
	(180,'בבל'),
	(181,'בבל'),
	(182,'בבל'),
	(183,'בבל'),
	(184,'בבל'),
	(186,'בבל'),
	(187,'בבל'),
	(188,'בבל'),
	(189,'בבל'),
	(190,'בבל'),
	(191,'בבל'),
	(193,'בבל'),
	(195,'בבל'),
	(218,'בבל'),
	(265,'בבל'),
	(266,'בבל'),
	(268,'בבל'),
	(034,'בבלי וארץ ישראל'),
	(072,'בבלי וארץ ישראל'),
	(252,'בבלי וארץ ישראל'),
	(257,'בבלי וארץ ישראל');

/*!40000 ALTER TABLE `sage_region` ENABLE KEYS */;
UNLOCK TABLES;


# Dump of table sages
# ------------------------------------------------------------

DROP TABLE IF EXISTS `sages`;

CREATE TABLE `sages` (
  `sage_id` int(3) unsigned zerofill NOT NULL AUTO_INCREMENT,
  `sage_name_heb` varchar(25) NOT NULL DEFAULT '',
  `sage_title_heb` varchar(10) DEFAULT NULL,
  `sage_title_en` varchar(10) DEFAULT NULL,
  `sage_name_en` varchar(50) NOT NULL,
  PRIMARY KEY (`sage_id`),
  KEY `sage_region_id` (`sage_name_heb`,`sage_title_heb`,`sage_title_en`,`sage_name_en`)
) ENGINE=InnoDB DEFAULT CHARSET=utf8;

LOCK TABLES `sages` WRITE;
/*!40000 ALTER TABLE `sages` DISABLE KEYS */;

INSERT INTO `sages` (`sage_id`, `sage_name_heb`, `sage_title_heb`, `sage_title_en`, `sage_name_en`)
VALUES
	(001,'אבא','רבי','Rabbi','Abba'),
	(002,'אבא בן הייא בן אבא','רבי','Rabbi','Abba b. Hiyya b. Abba'),
	(245,'אבא חנן','','','Abba Hanan'),
	(251,'אבא יוסי בן דוסתאי','','','Abba Yose b. Dostai'),
	(003,'אבא שאול','','','Abba Shaul'),
	(004,'אבהו‎','רבי','Rabbi','Abbahu'),
	(005,'אבוה דשמואל','','','Avuha Di Shmuel'),
	(006,'אבטליון','','','Avtalyon'),
	(007,'אביי‎','','','Abaye'),
	(008,'אבימי','','','Avimi'),
	(009,'אבימי בן אבהו','','','Avimi b. Abbahu'),
	(010,'אבין בן רבין','רבי','Rabbi','Avin b. Ravin'),
	(012,'אדא בר אהבה','רב','Rav','Adda b. Ahavah (I)'),
	(011,'אדא בר אהבה','רב','Rav','Adda b. Ahavah (II)'),
	(014,'אושעיא בריבי','רבי','Rabbi','Oshaya Rabbah'),
	(015,'אחא','רבי','Rabbi','Aha'),
	(016,'אחא בר יעקב','רב','Rav','Aha b. Ya\'akov'),
	(017,'אחא בר רבא','רב','Rav','Aha b. Rava'),
	(265,'אחא בריה דרב איפא','רב','Rav','Aha brei d\' R\' Iqa'),
	(252,'אחאי בר יאשיה','רבי','Rabbi','Achai b. Yoshiah'),
	(019,'אידי בר אבין','רב','Rav','Idi b. Avin (I)'),
	(018,'אידי בר אבין','רב ','Rav','Idi b. Avin (II)'),
	(248,'איסי בן יהודה','','','Issi b. Yehudah'),
	(224,'אליאזר בן חיסמא','רבי','Rabbi','Eliezar Hisma'),
	(020,'אליעזר בן הורקנוס‎','רבי','Rabbi','Eliezer b. Hyrcanus'),
	(021,'אליעזר בן יוסי','רבי','Rabbi','Eliezer b. Yose'),
	(022,'אליעזר בן יוסי הגלילי','רבי','Rabbi','Eliezer b. Yose haGelili'),
	(023,'אליעזר בן יעקב','רבי','Rabbi','Eliezer b. Ya\'akov (I)'),
	(220,'אליעזר בן יעקב','רבי','Rabbi','Eliezer b. Ya\'akov (II)'),
	(239,'אליעזר בן פרטא','רבי','Rabbi','Eliezar b. Parta'),
	(024,'אלישע בן אבויה','','','Elisha b. Avuyah'),
	(085,'אלעזר איש ברתותא','רבי','Rabbi','Eliezar of Bertota'),
	(240,'אלעזר בן יהודה איש ברתותא','רבי','Rabbi','Elazar b. Yehudah of Bartota'),
	(025,'אלעזר בן עזריה','רבי','Rabbi','Elazar b. Azaryah'),
	(026,'אלעזר בן ערך','רבי','Rabbi','Elazar b. Arakh'),
	(027,'אלעזר בן פדת','רבי','Rabbi','Elazar b. Pedat'),
	(028,'אלעזר בן צדוק','רבי','Rabbi','Elazar b. Tzadok (I)'),
	(029,'אלעזר בן צדוק','רבי','Rabbi','Elazar b. Tzadok (II)'),
	(030,'אלעזר בן שמוע','רבי','Rabbi','Elazar b. Shamu\'a'),
	(031,'אלעזר בן שמעון','רבי','Rabbi','Elazar b. Shimon'),
	(032,'אלעזר המודעי','רבי','Rabbi','Elazar haModa\'i'),
	(033,'אלעזר הקפר','רבי','Rabbi','Elazar haKappar'),
	(034,'אמי','רבי','Rabbi','Ammi'),
	(035,'אמימר','','','Amemar'),
	(036,'אנטיגנוס איש סוכו','','','Antigonus of Sokho'),
	(037,'אסי','רב','Rav','Assi'),
	(038,'אסי','רבי','Rabbi','Assi'),
	(039,'אפס','רבי','Rabbi','Aphes'),
	(040,'אשי‎','רב','Rav','Ashi'),
	(041,'בבא בן בוטא','','','Bava b. Buta'),
	(042,'ביבי בר אביי','רב','Rav','Bivi b. Abaye'),
	(222,'ביתוס','','','Boethus'),
	(230,'בן בג בג','','','Ben Bag Bag'),
	(043,'בן הא הא','','','Ben He He'),
	(261,'בנאה','רבי','Rabbi','Banna\'ah'),
	(044,'בר קפרא','','','Bar Kappara'),
	(045,'ברכיה','רבי','Rabbi','Berekhyah'),
	(046,'גביהה מבי כתיל','רב','Rav','Geviha of Bei Katil'),
	(047,'גידל','רב','Rav','Giddel'),
	(048,'גמליאל דיבנה','רבן','Rabban','Gamliel (II) of Yavneh'),
	(049,'גמליאל דיבנה','רבן','Rabban','Gamliel (III) b. Rabbi'),
	(050,'גמליאל הזקן','רבן','Rabban','Gamliel (I) haZaken'),
	(051,'גניבא','','','Geniva'),
	(255,'דוסא','רבי','Rabbi','Dosa'),
	(052,'דוסא בן הרכינס','רבי','Rabbi','Dosa b. Harkinas'),
	(256,'דוסתאי בן יהודה','רבי','Rabbi','Dostai b. Yehuda'),
	(223,'דוסתאי ברבי ינאי','רבי','Rabbi','Dostai b. R\' Yannai'),
	(053,'דימי','רב','Rav','Dimi'),
	(054,'דימי מנהרדעא','רב','Rav','Dimi of Neharde\'a'),
	(055,'הונא','רב','Rav','Huna'),
	(056,'הונא בר אבין','רב','Rav','Huna b. Avin'),
	(057,'הונא בר יהושע','רב','Rav','Huna b. Yehoshua'),
	(059,'הייא בר אשי‎','רב','Rav','Hiyya b. Ashi'),
	(060,'הייא בר יוסף','רב','Rav','Hiyya b. Yosef'),
	(061,'הייא בר רב','רב','Rav','Hiyya b. Rav'),
	(062,'הלל הזקן','','','Hillel the Elder'),
	(063,'הלל נשיאה','','','Hillel haNasi'),
	(065,'המנונא','רב','Rav','Hamnuna (I)'),
	(064,'המנונא','רב','Rav','Hamnuna (II)'),
	(257,'וסי בן כיפר','רבי','Rabbi','Yose b. Kippar'),
	(067,'זביד','רב','Rav','Zevid'),
	(069,'זירא','רב','Rav','Zera'),
	(068,'זירא','רבי','Rabbi','Zera'),
	(070,'זעירא','','','Ze\'iri'),
	(071,'זריקא','רבי','Rabbi','Zerika'),
	(072,'חגי','רבי','Rabbi','Haggai'),
	(073,'חוני המעגל','','','Honi haMagel'),
	(074,'חזקיהו','רבי','Rabbi','Hizkiyah'),
	(075,'חזקיהו בן הייא','','','Hizkiyah b. Hiyya'),
	(243,'חידקא','רבי','Rabbi','Hidqa'),
	(058,'חייא','רבי','Rabbi','Hiyya'),
	(076,'חייא בן אבא','רבי','Rabbi','Hiyya b. Abba'),
	(077,'חלבו','רבי','Rabbi','Helbo'),
	(078,'חלפתא','רבי','Rabbi','Halafta'),
	(263,'חלפתא איש כפר חנניה','רבי','Rabbi','Halafta of Kefar Hanania'),
	(079,'חמא','רב','Rav','Hama'),
	(080,'חמא בר ביסא','רבי','Rabbi','Hama b. Bisa'),
	(081,'חמא בר גוריא','רב','Rav','Hama b. Gurya'),
	(082,'חמא בר חנינא','רבי','Rabbi','Hama b. Hanina'),
	(264,'חנינא','רב','Rabbi','Hanina'),
	(083,'חנינא בן גמליאל','רבי','Rabbi','Hanina b. Gamliel'),
	(084,'חנינא בן דוסא','רבי','Rabbi','Hanina b. Dosa'),
	(086,'חנינא בר חמא','רבי','Rabbi','Hanina b. Hama'),
	(087,'חנינא דציפורי','רבי','Rabbi','Hanina of Tzipori'),
	(088,'חנינא סגן הכהנים','רבי','Rabbi','Hanina Segan haKohanim'),
	(091,'חנינה בן חכינאי','רבי','Rabbi','Hananyah b. Hakhinai'),
	(089,'חנינה בר פפא‎','רבי','Rabbi','Hanina b. Pappa'),
	(090,'חנן בר רבא','רב','Rav','Hanan b. Rabbah'),
	(092,'חנניה','','','Hananyah'),
	(233,'חנניה בן חזקיה בן גרון','','','Hananyah b. Hizkiyah b. Garon'),
	(247,'חנניה בן עקביא','רבי','Rabbi','Hananyah b. Akabia'),
	(093,'חנניה בן תרדיון','רבי','Rabbi','Hananyah b. Teradyon'),
	(094,'חסדא','רב','Rav','Hisda'),
	(095,'טרפון‎','רבי','Rabbi','Tarfon'),
	(244,'יאשיה','רבי','Rabbi','Yoshiah'),
	(096,'יהודה בן בבא','רבי','Rabbi','Yehudah b. Bava'),
	(098,'יהודה בן בתירא','רבי','Rabbi','Yehudah b. Betera (I)'),
	(097,'יהודה בן בתירא','רבי','Rabbi','Yehudah b. Betera (II)'),
	(099,'יהודה בן חייא','','','Yehudah b. Hiyya'),
	(100,'יהודה בן טבאי','','','Yehudah b. Tabbai'),
	(101,'יהודה בן יחזקאל','רב','Rav','Yehudah b. Yehezkel'),
	(102,'יהודה בן פזי','רבי','Rabbi','Yehudah b. Pazi'),
	(267,'יהודה בן רועץ','רבי','Rabbi','Yehudah b. Ro\'etz'),
	(229,'יהודה בן תימא','','','Yehudah b. Tema'),
	(103,'יהודה ברבי אילעאי','רבי','Rabbi','Yehudah b. R\' II\'ai'),
	(104,'יהודה הנשיא','רבי','Rabbi','Yehudah haNasi'),
	(106,'יהודה נשיאה','רבי','Rabbi','Yehudah Nesi\'a (I)'),
	(105,'יהודה נשיאה','רבי','Rabbi','Yehudah Nesi\'a (II)'),
	(107,'יהושע בן חנניה','רבי','Rabbi','Yehoshua b. Hananyah'),
	(109,'יהושע בן פרחיה‎','','','Yehoshua b. Perachya'),
	(110,'יהושע בן קרחה','רבי','Rabbi','Yehoshua b. Korha'),
	(111,'יהושע בריה דרב אידי','רבי','Rabbi','Yehoshua b. Idi'),
	(108,'יהושע‎ בן לוי','רבי','Rabbi','Yehoshua b. Levi'),
	(112,'יוחנן בן ברוקה','רבי','Rabbi','Yohanan b. Berokah'),
	(269,'יוחנן בן דהבאי','','','Yohanan b. Dahavai'),
	(113,'יוחנן בן זכאי‎','רבן','Rabbi','Yohanan b. Zakkai'),
	(114,'יוחנן בן נורי','רבי','Rabbi','Yohanan b. Nuri'),
	(236,'יוחנן בן תורתא','רבי','Rabbi','Yohanan b. Torta'),
	(115,'יוחנן בר נפחא','רבי','Rabbi','Yohanan b. Nappaha'),
	(116,'יוחנן הסנדלר','רבי','Rabbi','Yohanan haSandlar'),
	(117,'יונה','רבי','Rabbi','Yonah'),
	(118,'יונתן','רבי','Rabbi','Yonatan'),
	(119,'יונתן בן עוזיאל','רבי','Rabbi','Yonatan b. Uziel'),
	(238,'יוסי בן דורמסקית','רבי','Rabbi','Yose b. Dormasqit'),
	(259,'יוסי בן המשולם','רבי','Rabbi','Yose b. haMeshullam'),
	(120,'יוסי בן חלפתא','רבי','Rabbi','Yose b. Halafta'),
	(121,'יוסי בן יהודה','רבי','Rabbi','Yose b. Yehudah'),
	(122,'יוסי בן יוחנן‎','','','Yose b. Yochanan'),
	(066,'יוסי בן יועזר','','','Yose b. Yoezer'),
	(246,'יוסי בן יסיאן ','רבי','Rabbi','Yose b. Yasyan'),
	(231,'יוסי בן קסמא','רבי','Rabbi','Yose b. Kisma'),
	(123,'יוסי בר זבידא','רבי','Rabbi','Yose b. Zevida'),
	(228,'יוסי בר יהודה איש כפר הבב','רבי','Rabbi','Yose b. Yehudah of Kefar haBavli'),
	(124,'יוסי הגלילי','רבי','Rabbi','Yose haGelili'),
	(125,'יוסי הכהן','רבי','Rabbi','Yose haKohen'),
	(126,'יוסף בר הייא','רב','Rav','Yosef b. Hiyya'),
	(127,'יימר','רב','Rav','Yeimar'),
	(128,'ינאי','רבי','Rabbi','Yannai'),
	(253,'יעקב בן קרשי','רבי','Rabbi','Ya\'akov b. Qorshai'),
	(129,'יעקב בר אידי','רבי','Rabbi','Ya\'akov b. Idi'),
	(254,'יצחק','רבי','Rabbi','Yitzhak'),
	(130,'יצחק בן אליעזר','רבי','Rabbi','Yitzhak b. Elazar'),
	(131,'יצחק בן נחמן','רבי','Rabbi','Yitzhak b. Nahman'),
	(266,'יצחק בר יוסף','רב','Rav','Yitzhak b. Yosef'),
	(132,'יצחק נפחא','רבי','Rabbi','Yitzhak Nappaha'),
	(133,'ירמיה בר אבא','רב','Rav','Yirmeyah b. Abba'),
	(134,'ירמיהו','רבי','Rabbi','Yirmeyah'),
	(135,'ישמעאל בן אלישע','רבי','Rabbi','Yishmael b. Elisha'),
	(136,'ישמעאל בן יוסי','רבי','Rabbi','Yishmael b. Yose'),
	(137,'ישמעאל יוחנן בן ברוקה','רבי','Rabbi','Yishmael b. Yohanan b. Berokah'),
	(138,'כהן','רבי','Rabbi','Kohen'),
	(142,'כהנא','רב','Rav','Kahana (I)'),
	(139,'כהנא','רב','Rav','Kahana (II)'),
	(141,'כהנא','רב','Rav','Kahana (III)'),
	(143,'כהנא','רב','Rav','Kahana (IV)'),
	(140,'כהנא','רב','Rav','Kahana (V)'),
	(144,'לוי','רבי','Rabbi','Levi'),
	(145,'לוי בר סיסי','','','Levi b. Sisi'),
	(225,'לויטס איש יבנה','רבי','Rabbi','Levitas of Yavneh'),
	(146,'מאיר','רבי','Rabbi','Meir'),
	(148,'מנא','רבי','Rabbi','Mana (I)'),
	(147,'מנא','רבי','Rabbi','Mana (II)'),
	(258,'מנחם ברבי יוסי','רבי','Rabbi','Menahem b. R\' Yose'),
	(149,'מר בר רב אשי','','','Mar b. Rav Ashi'),
	(150,'מר זוטרא','','','Mar Zutra'),
	(151,'מר עוקבא','','','Mar Ukva'),
	(152,'משרשיא','רב','Rav','Mesharshiya'),
	(227,'מתיא בן חרש','רבי','Rabbi','Mattia b. Heresh'),
	(153,'מתנא','רב','Rav','Matenah'),
	(226,'נהוראי','רבי','Rabbi','Nehorai'),
	(249,'נהוראי','רבי','Rabbi','Nehorai'),
	(154,'נחום איש גמזו','','','Nahum of Gamzo'),
	(232,'נחום המדי','','','Nahum haMedi'),
	(155,'נחוניה בן הקנה','רבי','Rabbi','Nehunya b. haKanah'),
	(156,'נחמיה','רבי','Rabbi','Nehemyah'),
	(157,'נחמן בר חסדא','רב','Rav','Nahman b. Hisda'),
	(158,'נחמן בר יעקב','רב','Rav','Nahman b. Ya\'akov'),
	(159,'נחמן בר יצחק','רב','Rav','Nahman b. Yitzhak'),
	(160,'נתאי הארבלי','','','Nittai haArbeli'),
	(161,'נתן הבבלי','רבי','Rabbi','Natan haBavli'),
	(162,'סומכוס','','','Summakhos'),
	(262,'סמעון בן נתנאל','','','Shimon b. Netanel'),
	(163,'עולא','','','Ulla'),
	(164,'עזריה','','','Azaryah'),
	(166,'עילאי','רבי','Rabbi','Il\'ai (I)'),
	(165,'עילאי','רבי','Rabbi','Il\'ai (II)'),
	(167,'עקביא בן מהללאל','','','Akavyah b. Mahalal\'el'),
	(168,'עקיבא','רבי','Rabbi','Akiva'),
	(013,'עקילס','','','Aquilas'),
	(169,'פנחס בן יאיר','רבי','Rabbi','Pinehas b. Yair'),
	(170,'פנחס בר חמא','רבי','Rabbi','Pinehas b. Hama'),
	(172,'פפאי','רב','Rav','Pappai'),
	(171,'פפא‎','רב','Rav','Pappa'),
	(237,'פפוס בן יהודה','','','Pappos b. Yehudah'),
	(234,'פפייס','רבי','Rabbi','Pappeyas'),
	(221,'צדוק','','','Tzadok'),
	(174,'צדוק','רבי','Rabbi','Tzadok (I)'),
	(173,'צדוק','רבי','Rabbi','Tzadok (II)'),
	(175,'קטינא','רב','Rav','Ketina'),
	(176,'קרנא','','','Karna'),
	(250,'ראובן בן אצטרובילי','רבי','Rabbi','Reuven b. Itztrobeli'),
	(177,'רב','','','Rav'),
	(178,'רבא','','','Rava'),
	(179,'רבה בר אבוה','','','Rabbah b. Avuha'),
	(180,'רבה בר בר חנה','','','Rabbah b. b. Hanah'),
	(181,'רבה בר חנה','','','Rabbah b. Hanah'),
	(182,'רבה בר נחמני','','','Rabbah b. Nahmani'),
	(183,'רבה בר רב הונא','','','Rabbah b. Rav Huna'),
	(184,'רבה תוספאה','','','Rabbah Tosafa\'ah'),
	(185,'רבין','','','Ravin'),
	(186,'רבינא','','','Ravina (I)'),
	(187,'רבינא','','','Ravina (II) b. Huna'),
	(188,'רחבא דפומבדיתא','','','Rahava of Pumbedita'),
	(268,'רמי בר אבא','','','Rami b. Abba'),
	(189,'רמי בר חמא','','','Rami b. Hama'),
	(190,'רפרם','','','Rafram (I)'),
	(191,'רפרם','','','Rafram (II)'),
	(192,'שילא','רב','Rav','Shela'),
	(193,'שישא בריה דרב אידי','רב','Rav','Shesha b. Rav Idi'),
	(194,'שמאי','','','Shammai'),
	(195,'שמואל','','','Shmuel'),
	(196,'שמואל בן יצחק','רבי','Rabbi','Shmuel b. Yitzhak'),
	(197,'שמואל בן נחמן','רבי','Rabbi','Shmuel b. Nahmani'),
	(198,'שמואל בר יוסי בר בון','רבי','Rabbi','Shmuel b. Yose b. Boon'),
	(199,'שמואל הקטן','','','Shmuel haKatan'),
	(200,'שמוען בן אלעזר','רבי','Rabbi','Shimon b. Elazar'),
	(201,'שמלאי','רבי','Rabbi','Simlai'),
	(202,'שמעון בן אבא','רבי','Rabbi','Shimon b. Abba'),
	(204,'שמעון בן גמליאל','רבן','Rabban','Shimon b. Gamliel (I)'),
	(203,'שמעון בן גמליאל','רבן','Rabban','Shimon b. Gamliel (II)'),
	(205,'שמעון בן זומא','','','Shimon b. Zoma'),
	(206,'שמעון בן חלפתא','','','Shimon b. Halafta'),
	(207,'שמעון בן יהודה','רבי','Rabbi','Shimon b. Yehudah'),
	(208,'שמעון בן לקיש','רבי','Rabbi','Shimon b. Lakish'),
	(209,'שמעון בן מנסיא','רבי','Rabbi','Shimon b. Menasya'),
	(210,'שמעון בן ננס','רבי','Rabbi','Shimon b. Nannas'),
	(211,'שמעון בן עזאי','','','Shimon b. Azzai'),
	(212,'שמעון בן פזי','רבי','Rabbi','Shimon b. Pazzi'),
	(213,'שמעון בן רבי','רבי','Rabbi','Shimon b. Rabbi'),
	(214,'שמעון בן שטח','','','Shimon b. Shetach'),
	(215,'שמעון בר יוחאי','רבי','Rabbi','Shimon b. Yohai'),
	(260,'שמעון ברבי יוסי בן לקוניא','רבי','Rabbi','Shimon b. R\' Yose b. Laqonya'),
	(235,'שמעון הפקולי','','','Shimon haPaqoli'),
	(216,'שמעון הצדיק','','','Shimon haTzaddik'),
	(242,'שמעון השקמוני','רבי','Rabbi','Shimon haShiqmoni'),
	(241,'שמעון התימני','','','Shimon haTimni'),
	(217,'שמעיה','','','Shemayah'),
	(218,'ששת','רב','Rav','Sheshet'),
	(219,'תנחומא בר אבא','רבי','Rabbi','Tanhuma b. Abba');

/*!40000 ALTER TABLE `sages` ENABLE KEYS */;
UNLOCK TABLES;



/*!40111 SET SQL_NOTES=@OLD_SQL_NOTES */;
/*!40101 SET SQL_MODE=@OLD_SQL_MODE */;
/*!40014 SET FOREIGN_KEY_CHECKS=@OLD_FOREIGN_KEY_CHECKS */;
/*!40101 SET CHARACTER_SET_CLIENT=@OLD_CHARACTER_SET_CLIENT */;
/*!40101 SET CHARACTER_SET_RESULTS=@OLD_CHARACTER_SET_RESULTS */;
/*!40101 SET COLLATION_CONNECTION=@OLD_COLLATION_CONNECTION */;
